Symbol,Shares
8306.T,500
9201.T,300
8985.T,11
7203.T,300
8963.T,10
9202.T,200
9432.T,2800
8316.T,100
8591.T,100
3048.T,100
7513.T,100
6526.T,0
7269.T,0
TSM,28
NVDA,28
AVGO,13
AMD,22
MRVL,33
QCOM,15
ARM,14
MCD,5
CDNS,4
SBUX,15
SNPS,2
INTC,0
